          ,Scroll,3,11
3,Scroll,10,11
3,Scroll,19,11
3,Scroll,28,11
3,Scroll,37,12
3,Scroll,45,12
3,Scroll,52,12
3,Scroll,56,12
3,Scroll,57,12
3,Scroll,60,12
3,Scroll,66,12
3,Scroll,75,12
3,Scroll,84,12
3,Scroll,94,12
3,Scroll,102,12
3,Scroll,108,12
3,Scroll,112,12
3,Scroll,114,12
3,Scroll,117,12
3,Scroll,124,12
3,Scroll,133,12
3,Scroll,143,12
3,Scroll,152,12
3,Scroll,160,12
3,Scroll,166,12
3,Scroll,170,12
3,Scroll,171,12
3,Scroll,176,12
3,Scroll,185,12
3,Scroll,193,12
3,Scroll,203,12
3,Scroll,211,12
3,Scroll,219,12
3,Scroll,224,12
3,Scroll,227,12
3,Scroll,228,12
3,Scroll,231,24
3,Scroll,238,24
3,Scroll,247,24
3,Scroll,256,24
3,Scroll,266,24
3,Scroll,273,24
3,Scroll,280,24
3,Scroll,284,24
3,Scroll,285,24
3,Scroll,288,25
3,Scroll,295,25
3,Scroll,304,25
3,Scroll,313,25
3,Scroll,322,25
3,Scroll,330,25
3,Scroll,337,25
3,Scroll,341,25
3,Scroll,342,25
3,Scroll,343,25
3,Scroll,349,25
3,Scroll,357,25
3,Scroll,367,25
3,Scroll,376,25
3,Scroll,385,25
3,Scroll,391,25
3,Scroll,396,25
3,Scroll,399,25
3,Scroll,404,25
3,Scroll,412,25
3,Scroll,421,25
3,Scroll,431,25
3,Scroll,439,25
3,Scroll,447,25
3,Scroll,452,25
3,Scroll,455,25
3,Scroll,456,25
3,Scroll,459,26
3,Scroll,466,26
3,Scroll,475,26
3,Scroll,484,26
3,Scroll,494,26
3,Scroll,501,26
3,Scroll,508,26
3,Scroll,512,26
3,Scroll,513,26
3,Scroll,510,26
3,Scroll,503,26
3,Scroll,494,26
3,Scroll,485,26
3,Scroll,475,26
3,Scroll,468,26
3,Scroll,461,26
3,Scroll,457,27
3,Scroll,456,27
3,Scroll,460,27
3,Scroll,468,27
3,Scroll,476,27
3,Scroll,486,27
3,Scroll,495,27
3,Scroll,503,27
3,Scroll,509,27
3,Scroll,512,27
3,Scroll,513,27
3,Scroll,516,41
3,Scroll,523,41
3,Scroll,532,41
3,Scroll,541,41
3,Scroll,550,41
3,Scroll,558,41
3,Scroll,565,41
3,Scroll,569,41
3,Scroll,570,41
3,Scroll,572,41
3,Scroll,578,41
3,Scroll,587,41
3,Scroll,596,41
3,Scroll,605,41
3,Scroll,614,41
3,Scroll,620,41
3,Scroll,625,42
3,Scroll,627,42
3,Scroll,631,42
3,Scroll,638,42
3,Scroll,648,42
3,Scroll,657,42
3,Scroll,666,42
3,Scroll,673,42
3,Scroll,679,42
3,Scroll,683,42
3,Scroll,684,42
3,Scroll,689,42
3,Scroll,697,42
3,Scroll,706,42
3,Scroll,716,42
3,Scroll,724,42
3,Scroll,732,42
3,Scroll,737,42
3,Scroll,740,42
3,Scroll,745,42
3,Scroll,752,42
3,Scroll,762,42
3,Scroll,771,42
3,Scroll,780,42
3,Scroll,787,42
3,Scroll,793,42
3,Scroll,797,42
3,Scroll,798,42
3,Scroll,800,42
3,Scroll,807,42
3,Scroll,816,42
3,Scroll,825,42
3,Scroll,834,42
3,Scroll,842,42
3,Scroll,849,42
3,Scroll,853,42
3,Scroll,855,42
3,Scroll,858,42
3,Scroll,865,42
3,Scroll,873,42
3,Scroll,883,42
3,Scroll,892,42
3,Scroll,900,42
3,Scroll,906,42
3,Scroll,910,42
3,Scroll,912,43
3,Scroll,914,43
3,Scroll,920,43
3,Scroll,929,43
3,Scroll,938,43
3,Scroll,947,43
3,Scroll,955,43
3,Scroll,962,43
3,Scroll,967,43
3,Scroll,969,43
3,Scroll,971,47
3,Scroll,978,47
3,Scroll,987,47
3,Scroll,997,47
3,Scroll,1006,47
3,Scroll,1014,47
3,Scroll,1020,47
3,Scroll,1024,47
3,Scroll,1026,47
3,Scroll,1030,47
3,Scroll,1037,47
3,Scroll,1047,47
3,Scroll,1056,47
3,Scroll,1065,47
3,Scroll,1072,47
3,Scroll,1078,47
3,Scroll,1082,47
3,Scroll,1083,47
3,Scroll,1084,47
3,Scroll,1089,47
3,Scroll,1097,47
3,Scroll,1106,47
3,Scroll,1116,47
3,Scroll,1124,47
3,Scroll,1132,47
3,Scroll,1137,47
3,Scroll,1140,48
3,Scroll,1142,48
3,Scroll,1149,48
3,Scroll,1158,48
3,Scroll,1167,48
3,Scroll,1176,48
3,Scroll,1184,48
3,Scroll,1191,48
3,Scroll,1195,48
3,Scroll,1197,48
3,Scroll,1201,48
3,Scroll,1209,48
3,Scroll,1218,48
3,Scroll,1228,48
3,Scroll,1236,48
3,Scroll,1244,48
3,Scroll,1249,48
3,Scroll,1253,48
3,Scroll,1254,48
3,Scroll,1257,49
3,Scroll,1264,49
3,Scroll,1273,49
3,Scroll,1282,49
3,Scroll,1291,49
3,Scroll,1299,49
3,Scroll,1306,49
3,Scroll,1310,49
3,Scroll,1311,49
3,Scroll,1312,49
3,Scroll,1317,49
3,Scroll,1325,49
3,Scroll,1335,49
3,Scroll,1344,49
3,Scroll,1353,49
3,Scroll,1360,50
3,Scroll,1365,50
3,Scroll,1368,50
3,Scroll,1372,50
3,Scroll,1380,50
3,Scroll,1389,50
3,Scroll,1399,50
3,Scroll,1407,50
3,Scroll,1415,50
3,Scroll,1421,50
3,Scroll,1424,50
3,Scroll,1425,50
3,Scroll,1427,50
3,Scroll,1434,50
3,Scroll,1442,50
3,Scroll,1452,50
3,Scroll,1461,50
3,Scroll,1469,50
3,Scroll,1476,50
3,Scroll,1480,50
3,Scroll,1483,50
3,Scroll,1489,50
3,Scroll,1498,50
3,Scroll,1508,50
3,Scroll,1516,50
3,Scroll,1525,50
3,Scroll,1531,50
3,Scroll,1536,50
3,Scroll,1539,50
3,Scroll,1543,50
3,Scroll,1550,50
3,Scroll,1559,50
3,Scroll,1568,50
3,Scroll,1577,50
3,Scroll,1585,50
3,Scroll,1591,50
3,Scroll,1595,50
3,Scroll,1596,50
3,Scroll,1597,50
3,Scroll,1602,50
3,Scroll,1610,50
3,Scroll,1619,50
3,Scroll,1629,50
3,Scroll,1637,50
3,Scroll,1645,50
3,Scroll,1650,50
3,Scroll,1653,50
3,Scroll,1654,50
3,Scroll,1658,50
3,Scroll,1666,51
3,Scroll,1675,51
3,Scroll,1685,51
3,Scroll,1694,51
3,Scroll,1701,51
3,Scroll,1706,51
3,Scroll,1709,51
3,Scroll,1710,51
3,Scroll,1714,51
3,Scroll,1721,51
3,Scroll,1731,51
3,Scroll,1740,51
3,Scroll,1749,51
3,Scroll,1756,51
3,Scroll,1762,51
3,Scroll,1766,51
3,Scroll,1767,51
3,Scroll,1772,51
3,Scroll,1779,51
3,Scroll,1789,51
3,Scroll,1798,51
3,Scroll,1807,51
3,Scroll,1815,51
3,Scroll,1820,51
3,Scroll,1823,51
3,Scroll,1824,51
3,Scroll,1825,51
3,Scroll,1830,51
3,Scroll,1838,51
3,Scroll,1847,51
3,Scroll,1857,51
3,Scroll,1865,51
3,Scroll,1872,51
3,Scroll,1878,51
3,Scroll,1881,51
3,Scroll,1882,51
3,Scroll,1888,51
3,Scroll,1897,51
3,Scroll,1906,51
3,Scroll,1916,51
3,Scroll,1924,51
3,Scroll,1931,51
3,Scroll,1935,51
3,Scroll,1938,51
3,Scroll,1936,52
3,Scroll,1930,52
3,Scroll,1921,52
3,Scroll,1912,52
3,Scroll,1903,52
3,Scroll,1895,52
3,Scroll,1888,52
3,Scroll,1883,52
3,Scroll,1881,52
3,Scroll,1878,52
3,Scroll,1871,52
3,Scroll,1858,52
3,Scroll,1841,52
3,Scroll,1821,52
3,Scroll,1798,52
3,Scroll,1771,53
3,Scroll,1746,53
3,Scroll,1718,53
3,Scroll,1690,53
3,Scroll,1661,53
3,Scroll,1633,53
3,Scroll,1603,53
3,Scroll,1572,53
3,Scroll,1544,53
3,Scroll,1512,53
3,Scroll,1483,53
3,Scroll,1451,53
3,Scroll,1420,53
3,Scroll,1389,53
3,Scroll,1357,53
3,Scroll,1327,53
3,Scroll,1298,53
3,Scroll,1272,53
3,Scroll,1248,53
3,Scroll,1229,53
3,Scroll,1213,53
3,Scroll,1202,53
3,Scroll,1197,53
3,Scroll,1194,53
3,Scroll,1187,53
3,Scroll,1178,53
3,Scroll,1169,53
3,Scroll,1160,53
3,Scroll,1152,53
3,Scroll,1145,53
3,Scroll,1141,53
3,Scroll,1140,53
3,Scroll,1143,57
3,Scroll,1150,57
3,Scroll,1159,57
3,Scroll,1168,57
3,Scroll,1177,57
3,Scroll,1185,57
3,Scroll,1192,57
3,Scroll,1196,57
3,Scroll,1197,57
3,Scroll,1194,58
3,Scroll,1187,58
3,Scroll,1178,58
3,Scroll,1169,58
3,Scroll,1159,58
3,Scroll,1152,58
3,Scroll,1145,58
3,Scroll,1141,58
3,Scroll,1140,58
3,Scroll,1139,58
3,Scroll,1133,58
3,Scroll,1124,58
3,Scroll,1115,58
3,Scroll,1105,58
3,Scroll,1097,58
3,Scroll,1090,58
3,Scroll,1086,58
3,Scroll,1083,58
3,Scroll,1080,58
3,Scroll,1073,58
3,Scroll,1060,58
3,Scroll,1043,58
3,Scroll,1021,58
3,Scroll,998,58
3,Scroll,972,59
3,Scroll,946,59
3,Scroll,918,59
3,Scroll,891,59
3,Scroll,861,59
3,Scroll,832,59
3,Scroll,804,59
3,Scroll,773,59
3,Scroll,745,59
3,Scroll,713,59
3,Scroll,685,59
3,Scroll,657,59
3,Scroll,632,59
3,Scroll,611,59
3,Scroll,593,59
3,Scroll,580,59
3,Scroll,572,59
3,Scroll,570,59
3,Scroll,565,59
3,Scroll,557,59
3,Scroll,548,59
3,Scroll,538,59
3,Scroll,530,59
3,Scroll,522,59
3,Scroll,517,59
3,Scroll,514,59
3,Scroll,513,59
3,Scroll,516,63
3,Scroll,523,63
3,Scroll,532,63
3,Scroll,541,63
3,Scroll,550,63
3,Scroll,558,63
3,Scroll,565,63
3,Scroll,569,63
3,Scroll,570,63
3,Scroll,571,63
3,Scroll,576,63
3,Scroll,584,63
3,Scroll,594,63
3,Scroll,603,63
3,Scroll,612,63
3,Scroll,619,63
3,Scroll,624,63
3,Scroll,627,63
3,Scroll,630,63
3,Scroll,637,64
3,Scroll,650,64
3,Scroll,667,64
3,Scroll,688,64
3,Scroll,711,64
3,Scroll,738,64
3,Scroll,763,64
3,Scroll,792,64
3,Scroll,820,64
3,Scroll,849,64
3,Scroll,878,64
3,Scroll,909,64
3,Scroll,940,64
3,Scroll,969,64
3,Scroll,1001,64
3,Scroll,1030,64
3,Scroll,1062,64
3,Scroll,1091,64
3,Scroll,1123,64
3,Scroll,1152,64
3,Scroll,1178,64
3,Scroll,1202,64
3,Scroll,1221,64
3,Scroll,1237,64
3,Scroll,1248,64
3,Scroll,1254,64
3,CheckCiudad,lcb1,66
3,Scroll,1252,69
3,Scroll,1250,69
3,Scroll,1245,69
3,Scroll,1238,69
3,Scroll,1227,69
3,Scroll,1211,69
3,Scroll,1194,69
3,Scroll,1175,69
3,Scroll,1156,69
3,Scroll,1136,69
3,Scroll,1118,69
3,Scroll,1097,69
3,Scroll,1075,69
3,Scroll,1054,69
3,Scroll,1031,69
3,Scroll,1010,69
3,Scroll,988,69
3,Scroll,968,69
3,Scroll,948,69
3,Scroll,913,69
3,Scroll,898,69
3,Scroll,885,69
3,Scroll,873,69
3,Scroll,853,69
3,Scroll,843,69
3,Scroll,835,69
3,Scroll,820,69
3,Scroll,813,69
3,Scroll,804,69
3,Scroll,798,69
3,Scroll,799,69
3,Scroll,803,69
3,Scroll,809,69
3,Scroll,813,70
3,Scroll,816,70
3,Scroll,820,70
3,Scroll,823,70
3,Scroll,827,70
3,Scroll,830,70
3,Scroll,837,70
3,Scroll,840,70
3,Scroll,843,70
3,Scroll,848,70
3,Scroll,850,70
3,Scroll,853,70
3,Scroll,854,70
3,Scroll,855,70
3,Scroll,854,70
3,Scroll,843,70
3,Scroll,819,70
3,Scroll,777,70
3,Scroll,723,70
3,Scroll,669,70
3,Scroll,611,70
3,Scroll,558,70
3,Scroll,504,70
3,Scroll,457,70
3,Scroll,411,70
3,Scroll,371,71
3,Scroll,341,71
3,Scroll,312,71
3,Scroll,264,71
3,Scroll,244,71
3,Scroll,225,71
3,Scroll,193,71
3,Scroll,178,71
3,Scroll,165,71
3,Scroll,153,71
3,Scroll,148,71
3,Scroll,151,71
3,Scroll,162,71
3,Scroll,183,71
3,Scroll,216,71
3,Scroll,256,71
3,Scroll,303,71
3,Scroll,348,71
3,Scroll,397,71
3,Scroll,445,71
3,Scroll,491,71
3,Scroll,539,71
3,Scroll,583,71
3,Scroll,628,71
3,Scroll,710,71
3,Scroll,784,71
3,Scroll,818,71
3,Scroll,848,71
3,Scroll,877,71
3,Scroll,902,71
3,Scroll,924,71
3,Scroll,956,71
3,Scroll,966,71
3,Scroll,969,71
3,Scroll,974,71
3,Scroll,985,71
3,Scroll,1007,71
3,Scroll,1039,72
3,Scroll,1079,72
3,Scroll,1165,72
3,Scroll,1259,72
3,Scroll,1347,72
3,Scroll,1416,72
3,Scroll,1445,72
3,Scroll,1474,72
3,Scroll,1522,72
3,Scroll,1542,72
3,Scroll,1560,72
3,Scroll,1586,72
3,Scroll,1607,72
3,Scroll,1625,72
3,Scroll,1632,72
3,Scroll,1644,72
3,Scroll,1649,72
3,Scroll,1651,72
3,Scroll,1653,72
3,Scroll,1655,72
3,Scroll,1660,72
3,Scroll,1671,72
3,Scroll,1688,72
3,Scroll,1711,72
3,Scroll,1735,72
3,Scroll,1759,72
3,Scroll,1781,72
3,Scroll,1803,72
3,Scroll,1822,72
3,Scroll,1840,72
3,Scroll,1867,72
3,Scroll,1876,72
3,Scroll,1881,72
3,Scroll,1883,73
3,Scroll,1885,73
3,Scroll,1887,73
3,Scroll,1890,73
3,Scroll,1902,73
3,Scroll,1909,73
3,Scroll,1925,73
3,Scroll,1947,73
3,Scroll,1959,73
3,Scroll,1971,73
3,Scroll,1983,73
3,Scroll,2005,73
3,Scroll,2016,73
3,Scroll,2025,73
3,Scroll,2040,73
3,Scroll,2045,73
3,Scroll,2049,73
3,Scroll,2051,73
3,Scroll,2052,73
3,Scroll,2050,73
3,Scroll,2048,73
3,Scroll,2046,73
3,Scroll,2040,73
3,Scroll,2033,74
3,Scroll,2029,74
3,Scroll,2022,74
3,Scroll,2019,74
3,Scroll,2012,74
3,Scroll,2009,74
3,Scroll,2006,74
3,Scroll,2004,74
3,Scroll,2002,74
3,Scroll,1998,74
3,Scroll,1996,74
3,Scroll,1995,74
3,Scroll,1996,94
3,Scroll,2003,94
3,Scroll,2020,94
3,Scroll,2092,94
3,Scroll,2144,94
3,Scroll,2203,94
3,Scroll,2264,94
3,Scroll,2331,94
3,Scroll,2393,94
3,Scroll,2520,94
3,Scroll,2577,94
3,Scroll,2634,94
3,Scroll,2681,94
3,Scroll,2726,94
3,Scroll,2765,94
3,Scroll,2838,94
3,Scroll,2868,94
3,Scroll,2896,94
3,Scroll,2918,94
3,Scroll,2934,94
3,Scroll,2931,94
3,Scroll,2918,94
3,Scroll,2892,94
3,Scroll,2809,95
3,Scroll,2761,95
3,Scroll,2708,95
3,Scroll,2661,95
3,Scroll,2567,95
3,Scroll,2526,95
3,Scroll,2486,95
3,Scroll,2450,95
3,Scroll,2416,95
3,Scroll,2387,95
3,Scroll,2359,95
3,Scroll,2332,95
3,Scroll,2307,95
3,Scroll,2282,95
3,Scroll,2238,95
3,Scroll,2218,95
3,Scroll,2181,95
3,Scroll,2165,95
3,Scroll,2150,95
3,Scroll,2138,95
3,Scroll,2127,95
3,Scroll,2118,95
3,Scroll,2112,95
3,Scroll,2109,95
3,Scroll,2102,95
3,Scroll,2084,95
3,Scroll,2053,95
3,Scroll,2013,95
3,Scroll,1963,95
3,Scroll,1859,95
3,Scroll,1810,95
3,Scroll,1762,95
3,Scroll,1717,95
3,Scroll,1678,95
3,Scroll,1642,95
3,Scroll,1618,95
3,Scroll,1595,95
3,Scroll,1576,95
3,Scroll,1558,95
3,Scroll,1541,95
3,Scroll,1527,95
3,Scroll,1513,95
3,Scroll,1502,95
3,Scroll,1493,95
3,Scroll,1483,95
3,Scroll,1482,95
3,Scroll,1475,96
3,Scroll,1457,96
3,Scroll,1422,96
3,Scroll,1373,96
3,Scroll,1260,96
3,Scroll,1206,96
3,Scroll,1154,96
3,Scroll,1067,96
3,Scroll,1028,96
3,Scroll,994,96
3,Scroll,961,96
3,Scroll,933,96
3,Scroll,888,96
3,Scroll,871,96
3,Scroll,860,96
3,Scroll,855,96
3,Scroll,854,96
3,Scroll,853,96
3,Scroll,849,96
3,Scroll,843,96
3,Scroll,835,96
3,Scroll,826,96
3,Scroll,804,96
3,Scroll,789,96
3,Scroll,774,96
3,Scroll,744,97
3,Scroll,731,97
3,Scroll,719,97
3,Scroll,708,97
3,Scroll,699,97
3,Scroll,691,97
3,Scroll,684,97
3,Scroll,682,97
3,Scroll,677,97
3,Scroll,665,97
3,Scroll,648,97
3,Scroll,600,97
3,Scroll,577,97
3,Scroll,554,97
3,Scroll,533,97
3,Scroll,513,97
3,Scroll,482,97
3,Scroll,470,97
3,Scroll,461,97
3,Scroll,457,97
3,Scroll,456,97
3,Scroll,458,103
3,Scroll,463,103
3,Scroll,475,103
3,Scroll,494,103
3,Scroll,520,103
3,Scroll,551,103
3,Scroll,588,103
3,Scroll,625,103
3,Scroll,663,103
3,Scroll,702,103
3,Scroll,738,103
3,Scroll,776,103
3,Scroll,811,103
3,Scroll,880,103
3,Scroll,915,103
3,Scroll,979,103
3,Scroll,1008,103
3,Scroll,1034,103
3,Scroll,1060,103
3,Scroll,1081,103
3,Scroll,1101,103
3,Scroll,1117,103
3,Scroll,1129,103
3,Scroll,1140,103
3,Scroll,1142,104
3,Scroll,1144,104
3,Scroll,1151,104
3,Scroll,1157,104
3,Scroll,1164,104
3,Scroll,1172,104
3,Scroll,1182,104
3,Scroll,1195,104
3,Scroll,1210,104
3,Scroll,1243,104
3,Scroll,1280,104
3,Scroll,1298,104
3,Scroll,1314,104
3,Scroll,1331,104
3,Scroll,1366,104
3,Scroll,1384,104
3,Scroll,1401,104
3,Scroll,1420,104
3,Scroll,1438,104
3,Scroll,1455,104
3,Scroll,1471,104
3,Scroll,1486,104
3,Scroll,1500,104
3,Scroll,1511,104
3,Scroll,1530,104
3,Scroll,1536,104
3,Scroll,1539,104
3,Scroll,1547,105
3,Scroll,1581,105
3,Scroll,1606,105
3,Scroll,1634,105
3,Scroll,1661,105
3,Scroll,1690,105
3,Scroll,1716,105
3,Scroll,1743,105
3,Scroll,1767,105
3,Scroll,1790,105
3,Scroll,1830,105
3,Scroll,1859,105
3,Scroll,1883,105
3,Scroll,1903,105
3,Scroll,1912,105
3,Scroll,1919,105
3,Scroll,1931,105
3,Scroll,1937,105
3,Scroll,1938,105
3,CheckHotel,hcb2,120
3,Scroll,1931,121
3,Scroll,1915,121
3,Scroll,1887,121
3,Scroll,1848,121
3,Scroll,1800,121
3,Scroll,1749,121
3,Scroll,1650,121
3,Scroll,1605,121
3,Scroll,1523,121
3,Scroll,1491,121
3,Scroll,1432,121
3,Scroll,1382,121
3,Scroll,1361,121
3,Scroll,1343,121
3,Scroll,1329,121
3,Scroll,1312,122
3,Scroll,1311,122
3,Scroll,1312,122
3,Scroll,1319,122
3,Scroll,1333,122
3,Scroll,1356,122
3,Scroll,1386,122
3,Scroll,1417,122
3,Scroll,1453,122
3,Scroll,1528,122
3,Scroll,1564,122
3,Scroll,1600,122
3,Scroll,1635,122
3,Scroll,1696,122
3,Scroll,1725,122
3,Scroll,1756,122
3,Scroll,1783,122
3,Scroll,1812,122
3,Scroll,1864,122
3,Scroll,1889,122
3,Scroll,1910,122
3,Scroll,1931,122
3,Scroll,1948,122
3,Scroll,1977,122
3,Scroll,1986,122
3,Scroll,1993,122
3,Scroll,1995,122
3,Scroll,1996,122
3,Scroll,1999,122
3,Scroll,2006,122
3,Scroll,2024,122
3,Scroll,2050,122
3,Scroll,2079,122
3,Scroll,2114,122
3,Scroll,2148,122
3,Scroll,2184,122
3,Scroll,2216,122
3,Scroll,2251,122
3,Scroll,2284,122
3,Scroll,2312,122
3,Scroll,2365,122
3,Scroll,2387,122
3,Scroll,2406,122
3,Scroll,2425,123
3,Scroll,2442,123
3,Scroll,2457,123
3,Scroll,2471,123
3,Scroll,2482,123
3,Scroll,2492,123
3,Scroll,2500,123
3,Scroll,2505,123
3,Scroll,2508,123
3,Scroll,2510,123
3,Scroll,2512,123
3,Scroll,2515,123
3,Scroll,2518,123
3,Scroll,2521,123
3,Scroll,2524,123
3,Scroll,2528,123
3,Scroll,2531,123
3,Scroll,2535,123
3,Scroll,2542,123
3,Scroll,2545,123
3,Scroll,2548,123
3,Scroll,2551,123
3,Scroll,2556,123
3,Scroll,2559,123
3,Scroll,2561,123
3,Scroll,2562,123
3,Scroll,2563,123
3,Scroll,2564,123
3,Scroll,2565,123
3,Scroll,2566,124
3,Scroll,2567,124
3,Scroll,2571,124
3,Scroll,2578,124
3,Scroll,2585,124
3,Scroll,2598,124
3,Scroll,2614,124
3,Scroll,2632,124
3,Scroll,2651,124
3,Scroll,2668,124
3,Scroll,2685,124
3,Scroll,2699,124
3,Scroll,2722,124
3,Scroll,2735,124
3,Scroll,2736,124
3,Scroll,2733,124
3,Scroll,2726,124
3,Scroll,2710,124
3,Scroll,2689,124
3,Scroll,2660,124
3,Scroll,2629,124
3,Scroll,2567,124
3,Scroll,2510,124
3,Scroll,2485,124
3,Scroll,2459,124
3,Scroll,2436,124
3,Scroll,2416,124
3,Scroll,2396,124
3,Scroll,2380,124
3,Scroll,2351,124
3,Scroll,2338,124
3,Scroll,2315,124
3,Scroll,2306,124
3,Scroll,2291,124
3,Scroll,2285,124
3,Scroll,2282,124
3,Scroll,2280,124
3,Scroll,2279,125
3,Scroll,2257,125
3,Scroll,2225,125
3,Scroll,2181,125
3,Scroll,2132,125
3,Scroll,2027,125
3,Scroll,1976,125
3,Scroll,1931,125
3,Scroll,1886,125
3,Scroll,1847,125
3,Scroll,1786,125
3,Scroll,1745,125
3,Scroll,1728,125
3,Scroll,1711,125
3,Scroll,1697,125
3,Scroll,1684,125
3,Scroll,1673,125
3,Scroll,1664,125
3,Scroll,1658,125
3,Scroll,1653,125
3,Scroll,1660,126
3,Scroll,1715,126
3,Scroll,1759,126
3,Scroll,1811,126
3,Scroll,1921,126
3,Scroll,1976,126
3,Scroll,2025,126
3,Scroll,2073,126
3,Scroll,2117,126
3,Scroll,2155,126
3,Scroll,2191,126
3,Scroll,2220,126
3,Scroll,2246,126
3,Scroll,2264,126
3,Scroll,2276,126
3,Scroll,2280,126
3,Scroll,2281,126
3,Scroll,2292,126
3,Scroll,2310,126
3,Scroll,2361,126
3,Scroll,2422,126
3,Scroll,2455,126
3,Scroll,2486,126
3,Scroll,2517,126
3,Scroll,2546,126
3,Scroll,2576,126
3,Scroll,2603,126
3,Scroll,2628,126
3,Scroll,2651,126
3,Scroll,2672,126
3,Scroll,2690,126
3,Scroll,2705,126
3,Scroll,2720,126
3,Scroll,2746,126
3,Scroll,2757,126
3,Scroll,2766,126
3,Scroll,2775,126
3,Scroll,2782,126
3,Scroll,2788,127
3,Scroll,2792,127
3,Scroll,2793,127
3,Scroll,2795,127
3,Scroll,2801,127
3,Scroll,2813,127
3,Scroll,2854,127
3,Scroll,2905,127
3,Scroll,2931,127
3,Scroll,2985,127
3,Scroll,3009,127
3,Scroll,3033,127
3,Scroll,3054,127
3,Scroll,3076,127
3,Scroll,3095,127
3,Scroll,3113,127
3,Scroll,3131,127
3,Scroll,3148,127
3,Scroll,3164,127
3,Scroll,3180,127
3,Scroll,3197,127
3,Scroll,3214,127
3,Scroll,3230,127
3,Scroll,3245,127
3,Scroll,3259,127
3,Scroll,3271,127
3,Scroll,3282,127
3,Scroll,3298,127
3,Scroll,3306,127
3,Scroll,3308,127
3,Scroll,3312,127
3,Scroll,3342,127
3,Scroll,3366,127
3,Scroll,3396,127
3,Scroll,3428,127
3,Scroll,3462,127
3,Scroll,3530,128
3,Scroll,3566,128
3,Scroll,3597,128
3,Scroll,3629,128
3,Scroll,3655,128
3,Scroll,3681,128
3,Scroll,3724,128
3,Scroll,3760,128
3,Scroll,3776,128
3,Scroll,3790,128
3,Scroll,3801,128
3,Scroll,3810,128
3,Scroll,3816,128
3,Scroll,3819,128
3,Scroll,3820,128
3,Scroll,3823,128
3,Scroll,3833,128
3,Scroll,3848,128
3,Scroll,3872,128
3,Scroll,3899,128
3,Scroll,3932,128
3,Scroll,3968,128
3,Scroll,4003,128
3,Scroll,4041,128
3,Scroll,4077,128
3,Scroll,4148,128
3,Scroll,4184,128
3,Scroll,4218,128
3,Scroll,4249,128
3,Scroll,4280,128
3,Scroll,4307,128
3,Scroll,4333,128
3,Scroll,4356,128
3,Scroll,4378,128
3,Scroll,4397,128
3,Scroll,4411,128
3,Scroll,4424,128
3,Scroll,4431,128
3,Scroll,4435,128
3,ChangeDias,2,132
3,ChangeDias,5,132
3,ChangeDias,1,132
3,ChangeDias,6,132
3,ChangeDias,4,132
3,ChangeDias,9,134
3,ChangeDias,7,134
3,ChangeDias,5,136
3,ChangeDias,6,136
3,ChangeComida,2000,150
3,ERROR,0,150
3,Scroll,4423,159
3,Scroll,4376,159
3,Scroll,4312,159
3,Scroll,4279,159
3,Scroll,4248,159
3,Scroll,4218,159
3,Scroll,4192,159
3,Scroll,4167,159
3,Scroll,4145,159
3,Scroll,4129,159
3,Scroll,4097,159
3,Scroll,4063,159
3,Scroll,4046,159
3,Scroll,4028,159
3,Scroll,3996,159
3,Scroll,3982,159
3,Scroll,3968,160
3,Scroll,3956,160
3,Scroll,3936,160
3,Scroll,3925,160
3,Scroll,3922,160
3,Scroll,3919,160
3,Scroll,3907,160
3,Scroll,3882,160
3,Scroll,3847,160
3,Scroll,3800,160
3,Scroll,3754,160
3,Scroll,3706,160
3,Scroll,3662,160
3,Scroll,3619,160
3,Scroll,3545,160
3,Scroll,3515,160
3,Scroll,3489,160
3,Scroll,3464,160
3,Scroll,3442,160
3,Scroll,3403,160
3,Scroll,3373,160
3,Scroll,3355,160
3,Scroll,3352,160
3,Scroll,3347,160
3,Scroll,3333,160
3,Scroll,3303,161
3,Scroll,3260,161
3,Scroll,3205,161
3,Scroll,3148,161
3,Scroll,3094,161
3,Scroll,3039,161
3,Scroll,2990,161
3,Scroll,2941,161
3,Scroll,2898,161
3,Scroll,2857,161
3,Scroll,2820,161
3,Scroll,2790,161
3,Scroll,2764,161
3,Scroll,2744,161
3,Scroll,2730,161
3,Scroll,2725,161
3,Scroll,2717,161
3,Scroll,2689,161
3,Scroll,2578,161
3,Scroll,2502,161
3,Scroll,2354,161
3,Scroll,2288,161
3,Scroll,2223,161
3,Scroll,2166,161
3,Scroll,2110,161
3,Scroll,2061,161
3,Scroll,2020,161
3,Scroll,1983,161
3,Scroll,1956,161
3,Scroll,1928,161
3,Scroll,1927,161
3,Scroll,1926,161
3,Scroll,1919,161
3,Scroll,1899,161
3,Scroll,1800,161
3,Scroll,1729,161
3,Scroll,1657,161
3,Scroll,1585,161
3,Scroll,1458,161
3,Scroll,1348,161
3,Scroll,1257,162
3,Scroll,1186,162
3,Scroll,1159,162
3,Scroll,1141,162
3,Scroll,1129,162
3,Scroll,1127,162
3,Scroll,1113,162
3,Scroll,1084,162
3,Scroll,984,162
3,Scroll,925,162
3,Scroll,868,162
3,Scroll,767,162
3,Scroll,723,162
3,Scroll,646,162
3,Scroll,589,162
3,Scroll,571,162
3,Scroll,561,162
3,Scroll,559,162
3,Scroll,560,162
3,Scroll,561,162
3,Scroll,574,162
3,Scroll,589,162
3,Scroll,630,162
3,Scroll,675,163
3,Scroll,695,163
3,Scroll,733,163
3,Scroll,749,163
3,Scroll,773,163
3,Scroll,786,163
3,Scroll,787,163
3,Scroll,795,163
3,Scroll,802,163
3,Scroll,816,163
3,Scroll,832,163
3,Scroll,851,163
3,Scroll,869,163
3,Scroll,888,163
3,Scroll,905,163
3,Scroll,934,163
3,Scroll,944,163
3,Scroll,952,163
3,Scroll,957,163
3,Scroll,958,163
3,Scroll,960,164
3,Scroll,963,164
3,Scroll,970,164
3,Scroll,982,164
3,Scroll,999,164
3,Scroll,1018,164
3,Scroll,1056,164
3,Scroll,1073,164
3,Scroll,1090,164
3,Scroll,1103,164
3,Scroll,1115,164
3,Scroll,1128,164
3,Scroll,1129,165
3,Scroll,1130,165
3,Scroll,1135,165
3,Scroll,1138,165
3,Scroll,1145,165
3,Scroll,1151,165
3,Scroll,1157,165
3,Scroll,1165,165
3,Scroll,1172,165
3,Scroll,1179,165
3,Scroll,1186,165
3,Scroll,1202,165
3,Scroll,1210,165
3,Scroll,1219,165
3,Scroll,1237,165
3,Scroll,1245,165
3,Scroll,1254,165
3,Scroll,1265,166
3,Scroll,1276,166
3,Scroll,1288,166
3,Scroll,1299,166
3,Scroll,1309,166
3,Scroll,1320,166
3,Scroll,1328,166
3,Scroll,1337,166
3,Scroll,1349,166
3,Scroll,1353,166
3,Scroll,1357,166
3,Scroll,1358,166
3,Scroll,1359,166
3,Scroll,1362,166
3,Scroll,1368,166
3,Scroll,1375,166
3,Scroll,1384,166
3,Scroll,1399,166
3,Scroll,1415,166
3,Scroll,1434,166
3,Scroll,1453,166
3,Scroll,1473,166
3,Scroll,1510,166
3,Scroll,1527,166
3,Scroll,1541,166
3,Scroll,1555,166
3,Scroll,1579,166
3,Scroll,1590,166
3,Scroll,1609,166
3,Scroll,1617,166
3,Scroll,1625,166
3,Scroll,1631,166
3,Scroll,1640,166
3,Scroll,1642,166
3,Scroll,1644,167
3,Scroll,1646,167
3,Scroll,1657,167
3,Scroll,1666,167
3,Scroll,1696,167
3,Scroll,1714,167
3,Scroll,1731,167
3,Scroll,1749,167
3,Scroll,1766,167
3,Scroll,1797,167
3,Scroll,1810,167
3,Scroll,1823,167
3,Scroll,1834,167
3,Scroll,1845,167
3,Scroll,1854,167
3,Scroll,1861,167
3,Scroll,1869,167
3,Scroll,1870,167
3,Scroll,1875,168
3,Scroll,1882,168
3,Scroll,1894,168
3,Scroll,1930,168
3,Scroll,1948,168
3,Scroll,1968,168
3,Scroll,1985,168
3,Scroll,2003,168
3,Scroll,2018,168
3,Scroll,2047,168
3,Scroll,2059,168
3,Scroll,2072,168
3,Scroll,2083,168
3,Scroll,2095,168
3,Scroll,2105,168
3,Scroll,2116,168
3,Scroll,2125,168
3,Scroll,2133,168
3,Scroll,2140,168
3,Scroll,2151,168
3,Scroll,2154,168
3,Scroll,2155,168
3,Scroll,2154,169
3,Scroll,2150,169
3,Scroll,2148,169
3,Scroll,2145,169
3,Scroll,2141,169
3,Scroll,2134,169
3,Scroll,2127,169
3,Scroll,2124,169
3,Scroll,2120,169
3,Scroll,2114,169
3,Scroll,2108,169
3,Scroll,2106,169
3,Scroll,2104,169
3,Scroll,2101,169
3,Scroll,2098,169
3,CheckHotel,hcb4,171
3,Scroll,2097,172
3,Scroll,2093,172
3,Scroll,2081,172
3,Scroll,2059,172
3,Scroll,2030,172
3,Scroll,1947,172
3,Scroll,1899,172
3,Scroll,1852,172
3,Scroll,1749,172
3,Scroll,1700,172
3,Scroll,1650,172
3,Scroll,1605,172
3,Scroll,1560,172
3,Scroll,1522,172
3,Scroll,1483,172
3,Scroll,1448,173
3,Scroll,1388,173
3,Scroll,1364,173
3,Scroll,1341,173
3,Scroll,1310,173
3,Scroll,1300,173
3,Scroll,1301,173
3,Scroll,1305,173
3,Scroll,1313,173
3,Scroll,1357,173
3,Scroll,1390,173
3,Scroll,1430,173
3,Scroll,1513,173
3,Scroll,1556,173
3,Scroll,1604,173
3,Scroll,1651,173
3,Scroll,1696,173
3,Scroll,1742,173
3,Scroll,1820,173
3,Scroll,1853,173
3,Scroll,1886,173
3,Scroll,1916,173
3,Scroll,1942,173
3,Scroll,1967,173
3,Scroll,1988,173
3,Scroll,2007,173
3,Scroll,2022,173
3,Scroll,2040,173
3,Scroll,2041,173
3,Scroll,2042,173
3,Scroll,2045,173
3,Scroll,2053,173
3,Scroll,2071,173
3,Scroll,2096,173
3,Scroll,2128,173
3,Scroll,2161,173
3,Scroll,2196,173
3,Scroll,2230,173
3,Scroll,2264,174
3,Scroll,2294,174
3,Scroll,2324,174
3,Scroll,2352,174
3,Scroll,2376,174
3,Scroll,2401,174
3,Scroll,2422,174
3,Scroll,2444,174
3,Scroll,2463,174
3,Scroll,2481,174
3,Scroll,2498,174
3,Scroll,2513,174
3,Scroll,2526,174
3,Scroll,2536,174
3,Scroll,2545,174
3,Scroll,2551,174
3,Scroll,2554,174
3,Scroll,2558,174
3,Scroll,2568,174
3,Scroll,2588,174
3,Scroll,2614,174
3,Scroll,2647,174
3,Scroll,2681,174
3,Scroll,2719,174
3,Scroll,2757,174
3,Scroll,2835,174
3,Scroll,2912,174
3,Scroll,2950,174
3,Scroll,2989,174
3,Scroll,3025,174
3,Scroll,3060,174
3,Scroll,3094,174
3,Scroll,3123,174
3,Scroll,3151,174
3,Scroll,3175,174
3,Scroll,3196,174
3,Scroll,3213,174
3,Scroll,3227,174
3,Scroll,3238,174
3,Scroll,3239,175
3,Scroll,3241,175
3,Scroll,3247,175
3,Scroll,3261,175
3,Scroll,3282,175
3,Scroll,3311,175
3,Scroll,3343,175
3,Scroll,3376,175
3,Scroll,3412,175
3,Scroll,3448,175
3,Scroll,3486,175
3,Scroll,3526,175
3,Scroll,3561,175
3,Scroll,3599,175
3,Scroll,3632,175
3,Scroll,3666,175
3,Scroll,3696,175
3,Scroll,3727,175
3,Scroll,3756,175
3,Scroll,3783,175
3,Scroll,3809,175
3,Scroll,3831,175
3,Scroll,3853,175
3,Scroll,3871,175
3,Scroll,3888,175
3,Scroll,3902,175
3,Scroll,3912,175
3,Scroll,3919,175
3,Scroll,3922,175
3,Scroll,3925,175
3,Scroll,3934,175
3,Scroll,3952,175
3,Scroll,3978,175
3,Scroll,4011,175
3,Scroll,4091,175
3,Scroll,4174,175
3,Scroll,4214,175
3,Scroll,4285,176
3,Scroll,4345,176
3,Scroll,4371,176
3,Scroll,4392,176
3,Scroll,4411,176
3,Scroll,4424,176
3,Scroll,4432,176
3,Scroll,4435,176
3,ChangeDias,5,181
3,ERROR,0,181
3,Scroll,4434,188
3,Scroll,4407,188
3,Scroll,4373,188
3,Scroll,4331,188
3,Scroll,4282,188
3,Scroll,4185,188
3,Scroll,4098,188
3,Scroll,4058,188
3,Scroll,4004,188
3,Scroll,4010,188
3,Scroll,4027,188
3,Scroll,4055,188
3,Scroll,4094,188
3,Scroll,4136,188
3,Scroll,4182,188
3,Scroll,4223,188
3,Scroll,4264,188
3,Scroll,4303,188
3,Scroll,4335,188
3,Scroll,4366,188
3,Scroll,4412,188
3,Scroll,4426,188
3,Scroll,4434,188
3,Scroll,4435,188
3,Scroll,4434,188
3,Scroll,4405,188
3,Scroll,4370,188
3,Scroll,4318,188
3,Scroll,4259,188
3,Scroll,4144,188
3,Scroll,4092,188
3,Scroll,3995,188
3,Scroll,3950,188
3,Scroll,3873,188
3,Scroll,3839,188
3,Scroll,3811,188
3,Scroll,3804,188
3,Scroll,3806,188
3,Scroll,3845,188
3,Scroll,3882,188
3,Scroll,3935,188
3,Scroll,4054,188
3,Scroll,4113,188
3,Scroll,4166,188
3,Scroll,4218,188
3,Scroll,4307,189
3,Scroll,4343,189
3,Scroll,4403,189
3,Scroll,4421,189
3,Scroll,4433,189
3,Scroll,4435,189
3,Scroll,4434,189
3,Scroll,4428,189
3,Scroll,4373,189
3,Scroll,4324,189
3,Scroll,4257,189
3,Scroll,4182,189
3,Scroll,4026,189
3,Scroll,3952,189
3,Scroll,3811,189
3,Scroll,3750,189
3,Scroll,3694,189
3,Scroll,3645,189
3,Scroll,3597,190
3,Scroll,3517,190
3,Scroll,3485,190
3,Scroll,3456,190
3,Scroll,3433,190
3,Scroll,3418,190
3,Scroll,3410,190
3,Scroll,3409,190
3,Scroll,3408,190
3,Scroll,3400,190
3,Scroll,3373,190
3,Scroll,3322,190
3,Scroll,3160,190
3,Scroll,3071,190
3,Scroll,2979,190
3,Scroll,2897,190
3,Scroll,2816,190
3,Scroll,2741,190
3,Scroll,2676,190
3,Scroll,2563,190
3,Scroll,2516,190
3,Scroll,2482,190
3,Scroll,2455,190
3,Scroll,2441,190
3,Scroll,2440,190
3,Scroll,2439,190
3,Scroll,2405,190
3,Scroll,2360,190
3,Scroll,2305,190
3,Scroll,2176,190
3,Scroll,2119,190
3,Scroll,2062,190
3,Scroll,1962,190
3,Scroll,1917,190
3,Scroll,1842,190
3,Scroll,1813,190
3,Scroll,1788,190
3,Scroll,1759,190
3,Scroll,1756,190
3,Scroll,1753,191
3,Scroll,1737,191
3,Scroll,1705,191
3,Scroll,1651,191
3,Scroll,1510,191
3,Scroll,1366,191
3,Scroll,1297,191
3,Scroll,1234,191
3,Scroll,1178,191
3,Scroll,1125,191
3,Scroll,1080,191
3,Scroll,1025,191
3,Scroll,1003,191
3,Scroll,985,191
3,Scroll,967,191
3,Scroll,951,191
3,Scroll,938,191
3,Scroll,925,191
3,Scroll,916,191
3,Scroll,908,191
3,Scroll,903,191
3,Scroll,901,191
3,Scroll,898,191
3,Scroll,884,191
3,Scroll,855,191
3,Scroll,769,191
3,Scroll,724,191
3,Scroll,678,191
3,Scroll,636,191
3,Scroll,596,191
3,Scroll,528,191
3,Scroll,477,191
3,Scroll,459,191
3,Scroll,449,191
3,Scroll,445,191
3,Scroll,440,196
3,Scroll,433,196
3,Scroll,424,196
3,Scroll,410,196
3,Scroll,374,196
3,Scroll,355,196
3,Scroll,320,196
3,Scroll,289,196
3,Scroll,275,196
3,Scroll,250,196
3,Scroll,232,196
3,Scroll,220,196
3,Scroll,217,196
3,Scroll,219,197
3,Scroll,222,197
3,Scroll,228,197
3,Scroll,236,197
3,Scroll,251,197
3,Scroll,269,197
3,Scroll,289,197
3,Scroll,311,197
3,Scroll,332,197
3,Scroll,371,197
3,Scroll,389,197
3,Scroll,422,197
3,Scroll,437,197
3,Scroll,462,197
3,Scroll,485,197
3,Scroll,497,197
3,Scroll,507,197
3,Scroll,518,197
3,Scroll,526,197
3,Scroll,535,197
3,Scroll,549,197
3,Scroll,554,197
3,Scroll,557,197
3,Scroll,559,197
3,Scroll,561,197
3,Scroll,564,198
3,Scroll,582,198
3,Scroll,599,198
3,Scroll,620,198
3,Scroll,641,198
3,Scroll,664,198
3,Scroll,684,198
3,Scroll,705,198
3,Scroll,723,198
3,Scroll,740,198
3,Scroll,755,198
3,Scroll,780,198
3,Scroll,791,198
3,Scroll,802,198
3,Scroll,811,198
3,Scroll,820,198
3,Scroll,828,198
3,Scroll,834,198
3,Scroll,839,198
3,Scroll,842,198
3,Scroll,844,198
3,Scroll,845,198
3,Scroll,847,198
3,Scroll,852,198
3,Scroll,855,198
3,Scroll,858,198
3,Scroll,862,198
3,Scroll,865,198
3,Scroll,869,198
3,Scroll,873,198
3,Scroll,876,198
3,Scroll,879,198
3,Scroll,883,198
3,Scroll,886,198
3,Scroll,889,198
3,Scroll,891,198
3,Scroll,894,198
3,Scroll,896,198
3,Scroll,897,198
3,Scroll,899,198
3,Scroll,900,198
3,Scroll,901,198
3,Scroll,904,199
3,Scroll,909,199
3,Scroll,918,199
3,Scroll,934,199
3,Scroll,957,199
3,Scroll,1007,199
3,Scroll,1033,199
3,Scroll,1057,199
3,Scroll,1082,199
3,Scroll,1105,199
3,Scroll,1125,199
3,Scroll,1164,199
3,Scroll,1181,199
3,Scroll,1196,199
3,Scroll,1221,199
3,Scroll,1231,199
3,Scroll,1238,199
3,Scroll,1242,199
3,Scroll,1243,199
3,Scroll,1242,200
3,Scroll,1238,200
3,Scroll,1217,200
3,Scroll,1180,200
3,Scroll,1158,200
3,Scroll,1137,200
3,Scroll,1116,200
3,Scroll,1098,200
3,Scroll,1079,200
3,Scroll,1064,200
3,Scroll,1049,200
3,Scroll,1037,200
3,Scroll,1027,200
3,Scroll,1016,200
3,Scroll,1015,200
3,Scroll,1017,201
3,Scroll,1027,201
3,Scroll,1056,201
3,Scroll,1076,201
3,Scroll,1120,201
3,Scroll,1141,201
3,Scroll,1161,201
3,Scroll,1179,201
3,Scroll,1196,201
3,Scroll,1223,201
3,Scroll,1233,201
3,Scroll,1242,201
3,Scroll,1251,201
3,Scroll,1266,201
3,Scroll,1274,201
3,Scroll,1280,201
3,Scroll,1286,201
3,Scroll,1290,201
3,Scroll,1295,202
3,Scroll,1299,202
3,Scroll,1300,202
3,CheckCiudad,lcb4,204
3,Scroll,1299,205
3,Scroll,1293,205
3,Scroll,1247,205
3,Scroll,1166,205
3,Scroll,1119,205
3,Scroll,1073,206
3,Scroll,1025,206
3,Scroll,979,206
3,Scroll,888,206
3,Scroll,850,206
3,Scroll,784,206
3,Scroll,754,206
3,Scroll,729,206
3,Scroll,681,206
3,Scroll,662,206
3,Scroll,645,206
3,Scroll,633,206
3,Scroll,624,206
3,Scroll,626,206
3,Scroll,653,206
3,Scroll,678,206
3,Scroll,714,206
3,Scroll,754,206
3,Scroll,798,206
3,Scroll,888,206
3,Scroll,976,206
3,Scroll,1020,206
3,Scroll,1060,206
3,Scroll,1099,206
3,Scroll,1137,206
3,Scroll,1168,206
3,Scroll,1197,206
3,Scroll,1222,206
3,Scroll,1246,206
3,Scroll,1287,206
3,Scroll,1305,206
3,Scroll,1320,206
3,Scroll,1334,206
3,Scroll,1344,206
3,Scroll,1352,206
3,Scroll,1356,206
3,Scroll,1357,206
3,Scroll,1358,206
3,Scroll,1362,206
3,Scroll,1369,206
3,Scroll,1403,206
3,Scroll,1429,206
3,Scroll,1458,206
3,Scroll,1522,206
3,Scroll,1581,206
3,Scroll,1609,206
3,Scroll,1635,207
3,Scroll,1658,207
3,Scroll,1680,207
3,Scroll,1698,207
3,Scroll,1716,207
3,Scroll,1742,207
3,Scroll,1755,207
3,Scroll,1756,207
3,Scroll,1759,207
3,Scroll,1764,207
3,Scroll,1778,207
3,Scroll,1785,207
3,Scroll,1791,207
3,Scroll,1798,207
3,Scroll,1808,207
3,Scroll,1813,207
3,Scroll,1814,207
3,Scroll,1817,207
3,Scroll,1825,207
3,Scroll,1845,207
3,Scroll,1872,207
3,Scroll,1907,207
3,Scroll,1942,207
3,Scroll,1979,207
3,Scroll,2051,207
3,Scroll,2086,207
3,Scroll,2152,207
3,Scroll,2182,207
3,Scroll,2213,207
3,Scroll,2242,207
3,Scroll,2294,207
3,Scroll,2317,207
3,Scroll,2340,207
3,Scroll,2360,207
3,Scroll,2379,207
3,Scroll,2396,207
3,Scroll,2410,207
3,Scroll,2422,207
3,Scroll,2431,207
3,Scroll,2438,207
3,Scroll,2440,207
3,Scroll,2441,208
3,Scroll,2446,208
3,Scroll,2453,208
3,Scroll,2466,208
3,Scroll,2486,208
3,Scroll,2510,208
3,Scroll,2536,208
3,Scroll,2564,208
3,Scroll,2593,208
3,Scroll,2621,208
3,Scroll,2649,208
3,Scroll,2702,208
3,Scroll,2727,208
3,Scroll,2753,208
3,Scroll,2776,208
3,Scroll,2824,208
3,Scroll,2865,208
3,Scroll,2883,208
3,Scroll,2901,208
3,Scroll,2918,208
3,Scroll,2934,208
3,Scroll,2963,208
3,Scroll,2975,208
3,Scroll,2995,208
3,Scroll,3002,208
3,Scroll,3007,208
3,Scroll,3010,208
3,Scroll,3011,208
3,Scroll,3013,208
3,Scroll,3020,208
3,Scroll,3059,208
3,Scroll,3090,208
3,Scroll,3123,208
3,Scroll,3161,208
3,Scroll,3234,208
3,Scroll,3270,208
3,Scroll,3304,208
3,Scroll,3368,208
3,Scroll,3399,208
3,Scroll,3427,208
3,Scroll,3452,208
3,Scroll,3499,208
3,Scroll,3521,209
3,Scroll,3540,209
3,Scroll,3559,209
3,Scroll,3591,209
3,Scroll,3605,209
3,Scroll,3616,209
3,Scroll,3633,209
3,Scroll,3636,209
3,Scroll,3637,209
3,Scroll,3638,209
3,Scroll,3642,209
3,Scroll,3653,209
3,Scroll,3668,209
3,Scroll,3688,209
3,Scroll,3711,209
3,Scroll,3756,209
3,Scroll,3776,209
3,Scroll,3796,209
3,Scroll,3813,209
3,Scroll,3842,209
3,Scroll,3855,209
3,Scroll,3867,209
3,Scroll,3878,209
3,Scroll,3888,209
3,Scroll,3896,209
3,Scroll,3904,209
3,Scroll,3912,209
3,Scroll,3930,209
3,Scroll,3947,209
3,Scroll,3954,209
3,Scroll,3961,209
3,Scroll,3967,209
3,Scroll,3976,209
3,Scroll,3978,209
3,Scroll,3979,209
3,CheckHotel,hcb15,211
3,Scroll,3978,213
3,Scroll,3975,213
3,Scroll,3964,213
3,Scroll,3941,213
3,Scroll,3905,213
3,Scroll,3861,213
3,Scroll,3817,213
3,Scroll,3730,213
3,Scroll,3689,213
3,Scroll,3652,213
3,Scroll,3620,213
3,Scroll,3590,213
3,Scroll,3572,213
3,Scroll,3580,213
3,Scroll,3592,213
3,Scroll,3639,213
3,Scroll,3671,213
3,Scroll,3704,213
3,Scroll,3742,213
3,Scroll,3778,213
3,Scroll,3821,213
3,Scroll,3863,213
3,Scroll,3906,213
3,Scroll,3949,213
3,Scroll,3987,213
3,Scroll,4026,213
3,Scroll,4062,213
3,Scroll,4097,213
3,Scroll,4128,213
3,Scroll,4158,213
3,Scroll,4184,213
3,Scroll,4204,213
3,Scroll,4224,213
3,Scroll,4240,213
3,Scroll,4257,213
3,Scroll,4284,213
3,Scroll,4296,213
3,Scroll,4305,213
3,Scroll,4318,213
3,Scroll,4321,213
3,Scroll,4322,214
3,Scroll,4329,214
3,Scroll,4339,214
3,Scroll,4350,214
3,Scroll,4364,214
3,Scroll,4377,214
3,Scroll,4401,214
3,Scroll,4411,214
3,Scroll,4420,214
3,Scroll,4427,214
3,Scroll,4432,214
3,Scroll,4435,215
3,ChangeDias,5,218
3,ChangeDias,1,218
3,ChangeDias,5,218
3,ERROR,0,218
3,ChangeDias,1,225
3,ChangeDias,4,225
3,ChangeDias,3,225
3,ERROR,0,225
3,Scroll,4434,234
3,Scroll,4428,234
3,Scroll,4415,234
3,Scroll,4392,234
3,Scroll,4364,234
3,Scroll,4335,234
3,Scroll,4304,234
3,Scroll,4277,234
3,Scroll,4250,234
3,Scroll,4226,234
3,Scroll,4185,234
3,Scroll,4170,234
3,Scroll,4158,234
3,Scroll,4152,234
3,Scroll,4150,234
3,Scroll,4151,237
3,Scroll,4153,237
3,Scroll,4159,237
3,Scroll,4197,237
3,Scroll,4226,237
3,Scroll,4257,237
3,Scroll,4286,237
3,Scroll,4315,237
3,Scroll,4341,237
3,Scroll,4366,237
3,Scroll,4388,237
3,Scroll,4405,237
3,Scroll,4429,237
3,Scroll,4435,237
3,Scroll,4432,237
3,Scroll,4422,237
3,Scroll,4362,237
3,Scroll,4322,237
3,Scroll,4278,237
3,Scroll,4238,237
3,Scroll,4200,237
3,Scroll,4166,237
3,Scroll,4132,237
3,Scroll,4101,237
3,Scroll,4075,237
3,Scroll,4049,237
3,Scroll,4028,237
3,Scroll,4010,237
3,Scroll,3995,237
3,Scroll,3985,237
3,Scroll,3979,237
3,CheckHotel,hcb14,239
3,Scroll,3978,240
3,Scroll,3974,240
3,Scroll,3942,240
3,Scroll,3919,240
3,Scroll,3892,241
3,Scroll,3842,241
3,Scroll,3818,241
3,Scroll,3784,241
3,Scroll,3786,241
3,Scroll,3791,241
3,Scroll,3823,241
3,Scroll,3883,241
3,Scroll,3954,241
3,Scroll,3991,241
3,Scroll,4026,241
3,Scroll,4087,241
3,Scroll,4139,241
3,Scroll,4159,241
3,Scroll,4176,241
3,Scroll,4190,241
3,Scroll,4204,241
3,Scroll,4219,241
3,Scroll,4235,241
3,Scroll,4255,241
3,Scroll,4274,241
3,Scroll,4296,241
3,Scroll,4318,241
3,Scroll,4338,241
3,Scroll,4358,241
3,Scroll,4375,241
3,Scroll,4391,241
3,Scroll,4405,241
3,Scroll,4417,241
3,Scroll,4426,241
3,Scroll,4432,241
3,Scroll,4435,241
3,ChangeDias,2,243
3,ChangeDias,3,243
3,ERROR,0,243
3,Scroll,4431,254
3,Scroll,4422,254
3,Scroll,4388,254
3,Scroll,4367,254
3,Scroll,4323,254
3,Scroll,4303,254
3,Scroll,4284,254
3,Scroll,4251,254
3,Scroll,4236,254
3,Scroll,4225,254
3,Scroll,4216,254
3,Scroll,4210,254
3,Scroll,4207,254
3,Scroll,4206,255
3,Scroll,4202,255
3,Scroll,4197,255
3,Scroll,4190,255
3,Scroll,4173,255
3,Scroll,4164,255
3,Scroll,4155,255
3,Scroll,4146,255
3,Scroll,4129,255
3,Scroll,4121,255
3,Scroll,4114,255
3,Scroll,4108,255
3,Scroll,4103,255
3,Scroll,4099,255
3,Scroll,4095,255
3,Scroll,4094,255
3,Scroll,4093,255
3,Scroll,4091,256
3,Scroll,4089,256
3,Scroll,4084,256
3,Scroll,4078,256
3,Scroll,4070,256
3,Scroll,4052,256
3,Scroll,4043,256
3,Scroll,4034,256
3,Scroll,4025,256
3,Scroll,4009,256
3,Scroll,4001,256
3,Scroll,3989,256
3,Scroll,3977,256
3,Scroll,3971,256
3,Scroll,3960,256
3,Scroll,3950,256
3,Scroll,3946,256
3,Scroll,3937,256
3,Scroll,3934,256
3,Scroll,3930,256
3,Scroll,3928,256
3,Scroll,3924,256
3,Scroll,3923,256
3,Scroll,3922,256
3,Scroll,3921,261
3,Scroll,3918,261
3,Scroll,3909,261
3,Scroll,3870,261
3,Scroll,3846,261
3,Scroll,3819,261
3,Scroll,3793,261
3,Scroll,3767,261
3,Scroll,3744,261
3,Scroll,3720,261
3,Scroll,3698,261
3,Scroll,3679,262
3,Scroll,3643,262
3,Scroll,3627,262
3,Scroll,3613,262
3,Scroll,3600,262
3,Scroll,3576,262
3,Scroll,3564,262
3,Scroll,3555,262
3,Scroll,3539,262
3,Scroll,3532,262
3,Scroll,3527,262
3,Scroll,3524,262
3,Scroll,3523,262
3,Scroll,3524,262
3,Scroll,3525,262
3,Scroll,3528,262
3,Scroll,3537,262
3,Scroll,3577,262
3,Scroll,3608,262
3,Scroll,3639,262
3,Scroll,3674,262
3,Scroll,3747,262
3,Scroll,3787,262
3,Scroll,3823,262
3,Scroll,3862,262
3,Scroll,3896,262
3,Scroll,3960,262
3,Scroll,4016,262
3,Scroll,4038,262
3,Scroll,4073,262
3,Scroll,4085,262
3,Scroll,4093,262
3,Scroll,4096,263
3,Scroll,4102,263
3,Scroll,4116,263
3,Scroll,4134,263
3,Scroll,4153,263
3,Scroll,4196,263
3,Scroll,4218,263
3,Scroll,4255,263
3,Scroll,4272,263
3,Scroll,4286,263
3,Scroll,4299,263
3,Scroll,4309,263
3,Scroll,4316,263
3,Scroll,4320,263
3,Scroll,4321,263
3,Scroll,4326,263
3,Scroll,4346,263
3,Scroll,4359,263
3,Scroll,4371,263
3,Scroll,4396,263
3,Scroll,4407,263
3,Scroll,4417,263
3,Scroll,4425,263
3,Scroll,4431,263
3,Scroll,4434,263
3,Scroll,4435,263
3,Scroll,4427,269
3,Scroll,4412,269
3,Scroll,4390,269
3,Scroll,4363,269
3,Scroll,4305,269
3,Scroll,4277,269
3,Scroll,4252,269
3,Scroll,4227,269
3,Scroll,4206,269
3,Scroll,4188,269
3,Scroll,4172,269
3,Scroll,4161,269
3,Scroll,4150,269
3,Scroll,4148,270
3,Scroll,4141,270
3,Scroll,4125,270
3,Scroll,4092,270
3,Scroll,4049,270
3,Scroll,3992,270
3,Scroll,3936,270
3,Scroll,3877,270
3,Scroll,3819,270
3,Scroll,3766,270
3,Scroll,3714,270
3,Scroll,3670,270
3,Scroll,3630,270
3,Scroll,3594,270
3,Scroll,3559,270
3,Scroll,3527,270
3,Scroll,3499,270
3,Scroll,3473,270
3,Scroll,3452,270
3,Scroll,3434,270
3,Scroll,3420,270
3,Scroll,3412,270
3,Scroll,3409,270
3,Scroll,3404,270
3,Scroll,3349,270
3,Scroll,3301,270
3,Scroll,3188,271
3,Scroll,3131,271
3,Scroll,3082,271
3,Scroll,3036,271
3,Scroll,2994,271
3,Scroll,2958,271
3,Scroll,2922,271
3,Scroll,2891,271
3,Scroll,2862,271
3,Scroll,2838,271
3,Scroll,2817,271
3,Scroll,2800,271
3,Scroll,2788,271
3,Scroll,2782,271
3,Scroll,2778,271
3,Scroll,2764,271
3,Scroll,2735,271
3,Scroll,2633,271
3,Scroll,2573,271
3,Scroll,2514,271
3,Scroll,2460,271
3,Scroll,2360,271
3,Scroll,2314,271
3,Scroll,2239,271
3,Scroll,2208,271
3,Scroll,2185,271
3,Scroll,2167,271
3,Scroll,2157,271
3,Scroll,2155,271
3,Scroll,2153,271
3,Scroll,2144,271
3,Scroll,2122,271
3,Scroll,2088,271
3,Scroll,2042,271
3,Scroll,1995,271
3,Scroll,1945,271
3,Scroll,1853,271
3,Scroll,1810,271
3,Scroll,1738,272
3,Scroll,1707,272
3,Scroll,1683,272
3,Scroll,1663,272
3,Scroll,1649,272
3,Scroll,1642,272
3,Scroll,1630,272
3,Scroll,1611,272
3,Scroll,1546,272
3,Scroll,1506,272
3,Scroll,1468,272
3,Scroll,1429,272
3,Scroll,1395,272
3,Scroll,1361,272
3,Scroll,1332,272
3,Scroll,1305,272
3,Scroll,1285,272
3,Scroll,1270,272
3,Scroll,1243,272
3,Scroll,1231,272
3,Scroll,1211,272
3,Scroll,1203,272
3,Scroll,1196,272
3,Scroll,1188,272
3,Scroll,1186,272
3,CheckCiudad,lcb2,274
3,Scroll,1185,275
3,Scroll,1182,275
3,Scroll,1170,275
3,Scroll,1149,275
3,Scroll,1078,275
3,Scroll,1036,275
3,Scroll,997,275
3,Scroll,957,275
3,Scroll,880,275
3,Scroll,840,275
3,Scroll,803,275
3,Scroll,729,275
3,Scroll,694,275
3,Scroll,661,275
3,Scroll,605,275
3,Scroll,581,275
3,Scroll,540,275
3,Scroll,524,275
3,Scroll,504,275
3,Scroll,502,275
3,Scroll,503,275
3,Scroll,507,275
3,Scroll,519,275
3,Scroll,541,275
3,Scroll,571,275
3,Scroll,609,275
3,Scroll,651,275
3,Scroll,697,275
3,Scroll,744,276
3,Scroll,833,276
3,Scroll,873,276
3,Scroll,911,276
3,Scroll,976,276
3,Scroll,1006,276
3,Scroll,1056,276
3,Scroll,1077,276
3,Scroll,1096,276
3,Scroll,1110,276
3,Scroll,1121,276
3,Scroll,1128,276
3,Scroll,1129,276
3,Scroll,1145,276
3,Scroll,1168,276
3,Scroll,1206,276
3,Scroll,1257,276
3,Scroll,1315,276
3,Scroll,1383,276
3,Scroll,1446,276
3,Scroll,1514,276
3,Scroll,1579,276
3,Scroll,1635,276
3,Scroll,1689,276
3,Scroll,1782,276
3,Scroll,1821,276
3,Scroll,1860,276
3,Scroll,1894,276
3,Scroll,1922,276
3,Scroll,1947,276
3,Scroll,1965,276
3,Scroll,1978,276
3,Scroll,1984,276
3,Scroll,1993,276
3,Scroll,2010,276
3,Scroll,2070,276
3,Scroll,2108,276
3,Scroll,2148,276
3,Scroll,2188,276
3,Scroll,2266,276
3,Scroll,2341,277
3,Scroll,2378,277
3,Scroll,2412,277
3,Scroll,2480,277
3,Scroll,2512,277
3,Scroll,2568,277
3,Scroll,2593,277
3,Scroll,2614,277
3,Scroll,2648,277
3,Scroll,2659,277
3,Scroll,2666,277
3,Scroll,2668,277
3,Scroll,2669,277
3,Scroll,2673,277
3,Scroll,2682,277
3,Scroll,2701,277
3,Scroll,2728,277
3,Scroll,2757,277
3,Scroll,2789,277
3,Scroll,2819,277
3,Scroll,2850,277
3,Scroll,2877,277
3,Scroll,2904,277
3,Scroll,2948,277
3,Scroll,2967,277
3,Scroll,3000,277
3,Scroll,3018,277
3,Scroll,3056,277
3,Scroll,3075,277
3,Scroll,3095,277
3,Scroll,3115,277
3,Scroll,3134,277
3,Scroll,3153,277
3,Scroll,3169,277
3,Scroll,3185,277
3,Scroll,3199,277
3,Scroll,3211,277
3,Scroll,3229,277
3,Scroll,3235,277
3,Scroll,3238,277
3,Scroll,3244,278
3,Scroll,3272,278
3,Scroll,3291,278
3,Scroll,3331,278
3,Scroll,3350,278
3,Scroll,3366,278
3,Scroll,3382,278
3,Scroll,3390,278
3,Scroll,3387,278
3,Scroll,3361,278
3,Scroll,3339,278
3,Scroll,3317,278
3,Scroll,3291,278
3,Scroll,3267,278
3,Scroll,3243,278
3,Scroll,3220,278
3,Scroll,3181,278
3,Scroll,3150,278
3,Scroll,3139,278
3,Scroll,3128,278
3,Scroll,3117,278
3,Scroll,3108,278
3,Scroll,3092,278
3,Scroll,3069,278
3,Scroll,3052,278
3,Scroll,3031,278
3,Scroll,3007,278
3,Scroll,2980,278
3,Scroll,2954,278
3,Scroll,2927,278
3,Scroll,2901,278
3,Scroll,2878,278
3,Scroll,2856,278
3,Scroll,2837,278
3,Scroll,2819,278
3,Scroll,2806,278
3,Scroll,2794,278
3,Scroll,2786,278
3,Scroll,2782,278
3,Scroll,2781,279
3,Scroll,2778,279
3,Scroll,2773,279
3,Scroll,2766,279
3,Scroll,2757,279
3,Scroll,2739,279
3,Scroll,2727,279
3,Scroll,2713,279
3,Scroll,2699,279
3,Scroll,2671,279
3,Scroll,2659,279
3,Scroll,2647,279
3,Scroll,2637,279
3,Scroll,2615,279
3,Scroll,2604,279
3,Scroll,2586,279
3,Scroll,2577,279
3,Scroll,2571,279
3,Scroll,2564,279
3,Scroll,2560,279
3,Scroll,2556,279
3,Scroll,2554,279
3,CheckHotel,hcb5,284
3,Scroll,2553,285
3,Scroll,2549,285
3,Scroll,2516,285
3,Scroll,2482,285
3,Scroll,2444,285
3,Scroll,2402,285
3,Scroll,2363,285
3,Scroll,2323,285
3,Scroll,2287,285
3,Scroll,2252,286
3,Scroll,2191,286
3,Scroll,2164,286
3,Scroll,2143,286
3,Scroll,2124,286
3,Scroll,2110,286
3,Scroll,2101,286
3,Scroll,2098,286
3,Scroll,2100,286
3,Scroll,2108,286
3,Scroll,2127,286
3,Scroll,2154,286
3,Scroll,2188,286
3,Scroll,2225,286
3,Scroll,2268,286
3,Scroll,2353,286
3,Scroll,2395,286
3,Scroll,2467,286
3,Scroll,2498,286
3,Scroll,2556,286
3,Scroll,2580,286
3,Scroll,2603,286
3,Scroll,2622,286
3,Scroll,2640,286
3,Scroll,2653,286
3,Scroll,2662,286
3,Scroll,2667,286
3,Scroll,2668,286
3,Scroll,2670,286
3,Scroll,2679,286
3,Scroll,2700,286
3,Scroll,2735,286
3,Scroll,2782,286
3,Scroll,2833,286
3,Scroll,2944,286
3,Scroll,2999,286
3,Scroll,3050,286
3,Scroll,3096,286
3,Scroll,3142,286
3,Scroll,3183,286
3,Scroll,3223,286
3,Scroll,3257,287
3,Scroll,3289,287
3,Scroll,3319,287
3,Scroll,3344,287
3,Scroll,3369,287
3,Scroll,3411,287
3,Scroll,3428,287
3,Scroll,3455,287
3,Scroll,3462,287
3,Scroll,3466,287
3,Scroll,3467,287
3,Scroll,3470,287
3,Scroll,3481,287
3,Scroll,3529,287
3,Scroll,3560,287
3,Scroll,3593,287
3,Scroll,3653,287
3,Scroll,3680,287
3,Scroll,3729,287
3,Scroll,3750,287
3,Scroll,3769,287
3,Scroll,3796,287
3,Scroll,3808,287
3,Scroll,3843,287
3,Scroll,3865,287
3,Scroll,3891,287
3,Scroll,3919,287
3,Scroll,3985,287
3,Scroll,4019,287
3,Scroll,4054,287
3,Scroll,4116,287
3,Scroll,4144,287
3,Scroll,4171,287
3,Scroll,4194,287
3,Scroll,4215,287
3,Scroll,4247,287
3,Scroll,4257,287
3,Scroll,4263,287
3,Scroll,4264,287
3,Scroll,4265,287
3,Scroll,4270,287
3,Scroll,4299,288
3,Scroll,4319,288
3,Scroll,4360,288
3,Scroll,4396,288
3,Scroll,4422,288
3,Scroll,4431,288
3,Scroll,4435,288
3,ChangeDias,6,290
3,ChangeDias,3,290
